{
    "action": {
        "mean": [
            0.006987507455050945,
            0.0062658516690135,
            -0.012625164352357388,
            0.04333285614848137,
            -0.005756272468715906,
            0.0009130411199294031,
            0.5354204773902893
        ],
        "std": [
            0.06921109557151794,
            0.05970890820026398,
            0.0735311210155487,
            0.15610598027706146,
            0.1316441297531128,
            0.1459376960992813,
            0.49711623787879944
        ],
        "max": [
            2.9984593391418457,
            22.09052848815918,
            2.7507524490356445,
            1.570636510848999,
            1.5321086645126343,
            1.5691522359848022,
            1.0
        ],
        "min": [
            -2.0204520225524902,
            -5.497899532318115,
            -2.031663417816162,
            -1.569917917251587,
            -1.569892168045044,
            -1.570419430732727,
            0.0
        ],
        "q01": [
            -0.22453527510166169,
            -0.14820013284683228,
            -0.231589707583189,
            -0.3517994859814644,
            -0.4193011274933815,
            -0.43643461108207704,
            0.0
        ],
        "q99": [
            0.17824687153100965,
            0.14938379630446405,
            0.21842354819178575,
            0.5892666035890578,
            0.35272657424211445,
            0.44796681255102094,
            1.0
        ]
    },
    "proprio": {
        "mean": [
            0.0,
            0.0,
            0.0,
            0.0,
            0.0,
            0.0,
            0.0
        ],
        "std": [
            0.0,
            0.0,
            0.0,
            0.0,
            0.0,
            0.0,
            0.0
        ],
        "max": [
            0.0,
            0.0,
            0.0,
            0.0,
            0.0,
            0.0,
            0.0
        ],
        "min": [
            0.0,
            0.0,
            0.0,
            0.0,
            0.0,
            0.0,
            0.0
        ],
        "q01": [
            0.0,
            0.0,
            0.0,
            0.0,
            0.0,
            0.0,
            0.0
        ],
        "q99": [
            0.0,
            0.0,
            0.0,
            0.0,
            0.0,
            0.0,
            0.0
        ]
    },
    "num_transitions": 3786400,
    "num_trajectories": 87212
}